[
{"name": "Apache Airflow <2.5.2 敏感信息泄漏漏洞", "url": "https://www.oscs1024.com/hd/MPS-2023-4527", "time": "2023-03-15", "severity": "低危"},
{"name": "Microsoft RPC Runtime 远程代码执行漏洞", "url": "https://www.oscs1024.com/hd/MPS-2023-3407", "time": "2023-03-15", "severity": "高危"},
{"name": "Nacos 存在JWT密钥硬编码漏洞", "url": "https://www.oscs1024.com/hd/MPS-2023-7982", "time": "2023-03-14", "severity": "中危"},
{"name": "Docker Desktop 存在信任边界越界漏洞", "url": "https://www.oscs1024.com/hd/MPS-2023-3586", "time": "2023-03-14", "severity": "中危"},
{"name": "sqlite3 存在远程代码执行漏洞", "url": "https://www.oscs1024.com/hd/MPS-2022-60607", "time": "2023-03-14", "severity": "高危"},
{"name": "easyappointments 存在存储型XSS漏洞", "url": "https://www.oscs1024.com/hd/MPS-2023-7757", "time": "2023-03-13", "severity": "中危"},
{"name": "GitLab 存在访问控制错误漏洞", "url": "https://www.oscs1024.com/hd/MPS-2022-60984", "time": "2023-03-10", "severity": "中危"},
{"name": "Jenkins plugin manager 存在存储型XSS漏洞", "url": "https://www.oscs1024.com/hd/MPS-2023-7327", "time": "2023-03-09", "severity": "中危"},
{"name": "Gitlab DAST扫描时header泄漏漏洞", "url": "https://www.oscs1024.com/hd/MPS-2022-66983", "time": "2023-03-09", "severity": "中危"},
{"name": "Apache Dubbo 存在反序列化漏洞", "url": "https://www.oscs1024.com/hd/MPS-2023-1779", "time": "2023-03-08", "severity": "中危"},
{"name": "Apache Airflow <2.5.2 敏感信息泄漏漏洞", "url": "https://www.oscs1024.com/hd/MPS-2023-4527", "time": "2023-03-15", "severity": "低危"},
{"name": "Microsoft RPC Runtime 远程代码执行漏洞", "url": "https://www.oscs1024.com/hd/MPS-2023-3407", "time": "2023-03-15", "severity": "高危"},
{"name": "Nacos 存在JWT密钥硬编码漏洞", "url": "https://www.oscs1024.com/hd/MPS-2023-7982", "time": "2023-03-14", "severity": "中危"},
{"name": "Docker Desktop 存在信任边界越界漏洞", "url": "https://www.oscs1024.com/hd/MPS-2023-3586", "time": "2023-03-14", "severity": "中危"},
{"name": "sqlite3 存在远程代码执行漏洞", "url": "https://www.oscs1024.com/hd/MPS-2022-60607", "time": "2023-03-14", "severity": "高危"},
{"name": "easyappointments 存在存储型XSS漏洞", "url": "https://www.oscs1024.com/hd/MPS-2023-7757", "time": "2023-03-13", "severity": "中危"},
{"name": "GitLab 存在访问控制错误漏洞", "url": "https://www.oscs1024.com/hd/MPS-2022-60984", "time": "2023-03-10", "severity": "中危"},
{"name": "Jenkins plugin manager 存在存储型XSS漏洞", "url": "https://www.oscs1024.com/hd/MPS-2023-7327", "time": "2023-03-09", "severity": "中危"},
{"name": "Gitlab DAST扫描时header泄漏漏洞", "url": "https://www.oscs1024.com/hd/MPS-2022-66983", "time": "2023-03-09", "severity": "中危"},
{"name": "Apache Dubbo 存在反序列化漏洞", "url": "https://www.oscs1024.com/hd/MPS-2023-1779", "time": "2023-03-08", "severity": "中危"},
{"name": "Apache Airflow <2.5.2 敏感信息泄漏漏洞", "url": "https://www.oscs1024.com/hd/MPS-2023-4527", "time": "2023-03-15", "severity": "低危"},
{"name": "Microsoft RPC Runtime 远程代码执行漏洞", "url": "https://www.oscs1024.com/hd/MPS-2023-3407", "time": "2023-03-15", "severity": "高危"},
{"name": "Nacos 存在JWT密钥硬编码漏洞", "url": "https://www.oscs1024.com/hd/MPS-2023-7982", "time": "2023-03-14", "severity": "中危"},
{"name": "Docker Desktop 存在信任边界越界漏洞", "url": "https://www.oscs1024.com/hd/MPS-2023-3586", "time": "2023-03-14", "severity": "中危"},
{"name": "sqlite3 存在远程代码执行漏洞", "url": "https://www.oscs1024.com/hd/MPS-2022-60607", "time": "2023-03-14", "severity": "高危"},
{"name": "easyappointments 存在存储型XSS漏洞", "url": "https://www.oscs1024.com/hd/MPS-2023-7757", "time": "2023-03-13", "severity": "中危"},
{"name": "GitLab 存在访问控制错误漏洞", "url": "https://www.oscs1024.com/hd/MPS-2022-60984", "time": "2023-03-10", "severity": "中危"},
{"name": "Jenkins plugin manager 存在存储型XSS漏洞", "url": "https://www.oscs1024.com/hd/MPS-2023-7327", "time": "2023-03-09", "severity": "中危"},
{"name": "Gitlab DAST扫描时header泄漏漏洞", "url": "https://www.oscs1024.com/hd/MPS-2022-66983", "time": "2023-03-09", "severity": "中危"},
{"name": "Apache Dubbo 存在反序列化漏洞", "url": "https://www.oscs1024.com/hd/MPS-2023-1779", "time": "2023-03-08", "severity": "中危"},
{"name": "Apache Airflow <2.5.2 敏感信息泄漏漏洞", "url": "https://www.oscs1024.com/hd/MPS-2023-4527", "time": "2023-03-15", "severity": "低危"},
{"name": "Microsoft RPC Runtime 远程代码执行漏洞", "url": "https://www.oscs1024.com/hd/MPS-2023-3407", "time": "2023-03-15", "severity": "高危"},
{"name": "Nacos 存在JWT密钥硬编码漏洞", "url": "https://www.oscs1024.com/hd/MPS-2023-7982", "time": "2023-03-14", "severity": "中危"},
{"name": "Docker Desktop 存在信任边界越界漏洞", "url": "https://www.oscs1024.com/hd/MPS-2023-3586", "time": "2023-03-14", "severity": "中危"},
{"name": "sqlite3 存在远程代码执行漏洞", "url": "https://www.oscs1024.com/hd/MPS-2022-60607", "time": "2023-03-14", "severity": "高危"},
{"name": "easyappointments 存在存储型XSS漏洞", "url": "https://www.oscs1024.com/hd/MPS-2023-7757", "time": "2023-03-13", "severity": "中危"},
{"name": "GitLab 存在访问控制错误漏洞", "url": "https://www.oscs1024.com/hd/MPS-2022-60984", "time": "2023-03-10", "severity": "中危"},
{"name": "Jenkins plugin manager 存在存储型XSS漏洞", "url": "https://www.oscs1024.com/hd/MPS-2023-7327", "time": "2023-03-09", "severity": "中危"},
{"name": "Gitlab DAST扫描时header泄漏漏洞", "url": "https://www.oscs1024.com/hd/MPS-2022-66983", "time": "2023-03-09", "severity": "中危"},
{"name": "Apache Dubbo 存在反序列化漏洞", "url": "https://www.oscs1024.com/hd/MPS-2023-1779", "time": "2023-03-08", "severity": "中危"}
]