[
{"name": "【漏洞通告】GitLab跨站脚本漏洞（CVE-2023-0050）", "url": "https://www.venustech.com.cn/new_type/aqtg/20230303/25253.html", "time": "2023-03-03"},
{"name": "【漏洞通告】VMware Workspace ONE Content密码绕过漏洞（CVE-2023-20857）", "url": "https://www.venustech.com.cn/new_type/aqtg/20230301/25237.html", "time": "2023-03-01"},
{"name": "【漏洞通告】Node.js权限绕过漏洞（CVE-2023-23918）", "url": "https://www.venustech.com.cn/new_type/aqtg/20230228/25231.html", "time": "2023-02-28"},
{"name": "【漏洞通告】泛微e-cology9 SQL注入漏洞", "url": "https://www.venustech.com.cn/new_type/aqtg/20230224/25211.html", "time": "2023-02-24"}
]